claim,expected,type,verified,notes
"The WNBA rim is lower than the NBA rim",busted,busted,,"Both rims are 10 feet."
"Nobody watches women's football.",busted,busted,,"Draft says 2023 WWC ~2B viewers. Find a FIFA source."
"Intense elite training permanently damages women's fertility.",busted,busted,,"Draft says menstrual changes are reversible. Find a medical source."
"Women's sports get equal media coverage to men's.",busted,busted,,"Draft cites ~4% of coverage. Find the study (often Cooky/Messner or Wasserman)."
"Women's football has fewer goals and more 0-0 draws than men's football.",busted,busted,,"Draft says more goals in 4 of 5 top European leagues in 2024-25. VERIFY, can't confirm."
"Title IX eliminated gender bias in sports.",busted,busted,,"Draft: persistent bias in pay, evaluation, representation."
"Women's sports are not commercially viable.",busted,busted,,"Draft: ~$2.35B revenue projected 2025, NWSL $110M expansion fee. Verify both numbers."
"Women aren't interested in playing sports.",opinion:busted,opinion,,"Relabeled 2026-10-03 from busted: reads as a stereotype (judge said so on 3 models in v1). Checkable part: 242,341 female NCAA athletes in 2024-25. Verify with NCAA."
"Title IX was enacted in 1972 and bans sex discrimination in federally funded education programs.",confirmed,confirmed,,"Historical fact."
"Girls' high school sports participation has grown over 1,000% since Title IX.",confirmed,confirmed,,"NFHS: ~294K girls in 1971-72 to ~3.4M in 2018-19. Verify."
"The USWNT earned less than the USMNT in bonuses despite strong results.",confirmed,confirmed,,"Rewritten to be specific. Pre-2022 CBA era. Verify wording."
"Female NCAA athlete numbers have hit record highs in recent years.",confirmed,confirmed,,"Draft: 242,341 in 2024-25. Verify with NCAA."
"The share of women coaching NCAA women's teams has dropped since Title IX.",confirmed,confirmed,,"Acosta/Carpenter: 90%+ in 1972 to ~40-43%. Verify."
"Women's sports leagues are profitable.",mixed,complicated,,"Depends on league. Draft: WSL revenue up but big losses. Verify."
"Women's sports get equal prize money to men's.",mostly-false,complicated,,"Relabeled 2026-10-03 from mixed: tennis majors are the exception, most sports are far from equal. Tennis Grand Slams equal. FIFA WWC 2023 pool $110M vs men's 2022 $440M (1/4, draft said 1/3). Verify."
"Female athletes are more injury-prone than male athletes.",mixed,complicated,,"ACL tears more common in women. Other injuries not. Depends on type."
"Title IX achieved gender equality in college sports.",mostly-false,complicated,,"Huge participation gains but gaps remain. Could argue busted. Decide."
"Summer McIntosh set the 400m freestyle world record in 2025.",confirmed,recent,,"Draft: 3:54.18 at Canadian Trials, June 2025. Verify."
"Katie Ledecky broke the 800m freestyle world record in 2025.",confirmed,recent,,"Draft: 8:04.12, May 2025. Verify."
"The PWHL expanded to eight teams for the 2025-26 season.",confirmed,recent,,"Draft: added Seattle and Vancouver. Verify."
"Is Messi good?",off-topic,junk,,"Should decline, not score."
"Women's sports are not exciting or popular.",opinion:busted,opinion,,"SUGGESTED label. Popularity part is checkable (viewership, attendance). Exciting part is taste."
"Women are too emotional to coach or lead in sports.",opinion:busted,opinion,,"SUGGESTED label. Stereotype, no evidence behind it."
"Women's sports are only watched by lesbians and tomboys.",opinion:busted,opinion,,"SUGGESTED label. Derogatory stereotype. Audience demographics are checkable."
"Men's sports are more entertaining because men are more athletic.",opinion:mixed,opinion,,"SUGGESTED label. Performance gap is real. That it makes sports more entertaining is taste."
"Women's football is more exciting than men's football.",opinion:none,opinion,,"SUGGESTED label. Pro-women opinion. Tests that the app doesn't just cheerlead."
